source_path,target_path,cluster,proposed_action,manual_review_required
"/ai-overview-prospecting-clay-alternative-google-sheets-ai/","/clay-alternative-google-sheets/","Clay","merge_content_then_301","yes"
"/amazon-seller-enrichment-clay-alternative-google-sheets-ai/","/no-code-lead-enrichment-google-sheets-vs-clay/","Clay","merge_content_then_301","yes"
"/apollo-clay-alternative-google-sheets-ai/","/clay-alternative-google-sheets/","Clay","merge_content_then_301","yes"
"/apollo-export-enrichment-clay-alternative-google-sheets-ai/","/no-code-lead-enrichment-google-sheets-vs-clay/","Clay","merge_content_then_301","yes"
"/clay-alternative-abm-google-sheets-ai/","/clay-alternative-google-sheets/","Clay","merge_content_then_301","yes"
"/clay-alternative-b2b-sales-google-sheets-ai/","/clay-alternative-google-sheets/","Clay","merge_content_then_301","yes"
"/clay-alternative-ecommerce-google-sheets-ai/","/clay-alternative-google-sheets/","Clay","merge_content_then_301","yes"
"/clay-alternative-for-agencies-google-sheets-ai/","/clay-alternative-google-sheets/","Clay","merge_content_then_301","yes"
"/clay-alternative-for-biotech-sales-google-sheets-ai/","/clay-alternative-google-sheets/","Clay","merge_content_then_301","yes"
"/clay-alternative-for-commercial-cleaning-google-sheets-ai/","/clay-alternative-google-sheets/","Clay","merge_content_then_301","yes"
"/clay-alternative-for-commercial-real-estate-tenant-reps-google-sheets-ai/","/clay-alternative-google-sheets/","Clay","merge_content_then_301","yes"
"/clay-alternative-for-construction-suppliers-google-sheets-ai/","/clay-alternative-google-sheets/","Clay","merge_content_then_301","yes"
"/clay-alternative-for-coworking-spaces-google-sheets-ai/","/clay-alternative-google-sheets/","Clay","merge_content_then_301","yes"
"/clay-alternative-for-customer-expansion-google-sheets-ai/","/clay-alternative-google-sheets/","Clay","merge_content_then_301","yes"
"/clay-alternative-for-dental-labs-google-sheets-ai/","/clay-alternative-google-sheets/","Clay","merge_content_then_301","yes"
"/clay-alternative-for-ecommerce-google-sheets-ai/","/clay-alternative-google-sheets/","Clay","merge_content_then_301","yes"
"/clay-alternative-for-edtech-sales-google-sheets-ai/","/clay-alternative-google-sheets/","Clay","merge_content_then_301","yes"
"/clay-alternative-for-executive-search-firms-google-sheets-ai/","/clay-alternative-google-sheets/","Clay","merge_content_then_301","yes"
"/clay-alternative-for-fitness-studios-google-sheets-ai/","/clay-alternative-google-sheets/","Clay","merge_content_then_301","yes"
"/clay-alternative-for-fractional-sales-teams-google-sheets-ai/","/clay-alternative-google-sheets/","Clay","merge_content_then_301","yes"
"/clay-alternative-for-home-services-marketing-google-sheets-ai/","/clay-alternative-google-sheets/","Clay","merge_content_then_301","yes"
"/clay-alternative-for-hospitality-sales-google-sheets-ai/","/clay-alternative-google-sheets/","Clay","merge_content_then_301","yes"
"/clay-alternative-for-hvac-contractors-google-sheets-ai/","/clay-alternative-google-sheets/","Clay","merge_content_then_301","yes"
"/clay-alternative-for-it-services-sales-google-sheets-ai/","/clay-alternative-google-sheets/","Clay","merge_content_then_301","yes"
"/clay-alternative-for-landscaping-companies-google-sheets-ai/","/clay-alternative-google-sheets/","Clay","merge_content_then_301","yes"
"/clay-alternative-for-legal-tech-sales-google-sheets-ai/","/clay-alternative-google-sheets/","Clay","merge_content_then_301","yes"
"/clay-alternative-for-local-marketing-agencies-google-sheets-ai/","/clay-alternative-google-sheets/","Clay","merge_content_then_301","yes"
"/clay-alternative-for-logistics-brokers-google-sheets-ai/","/clay-alternative-google-sheets/","Clay","merge_content_then_301","yes"
"/clay-alternative-for-manufacturing-reps-google-sheets-ai/","/clay-alternative-google-sheets/","Clay","merge_content_then_301","yes"
"/clay-alternative-for-med-spas-google-sheets-ai/","/clay-alternative-google-sheets/","Clay","merge_content_then_301","yes"
"/clay-alternative-for-micro-saas-founders-google-sheets-ai/","/clay-alternative-google-sheets/","Clay","merge_content_then_301","yes"
"/clay-alternative-for-moving-companies-google-sheets-ai/","/clay-alternative-google-sheets/","Clay","merge_content_then_301","yes"
"/clay-alternative-for-nonprofit-fundraising-google-sheets-ai/","/clay-alternative-google-sheets/","Clay","merge_content_then_301","yes"
"/clay-alternative-for-payroll-hr-sales-google-sheets-ai/","/clay-alternative-google-sheets/","Clay","merge_content_then_301","yes"
"/clay-alternative-for-pest-control-google-sheets-ai/","/clay-alternative-google-sheets/","Clay","merge_content_then_301","yes"
"/clay-alternative-for-plumbing-contractors-google-sheets-ai/","/clay-alternative-google-sheets/","Clay","merge_content_then_301","yes"
"/clay-alternative-for-pool-service-google-sheets-ai/","/clay-alternative-google-sheets/","Clay","merge_content_then_301","yes"
"/clay-alternative-for-private-equity-google-sheets-ai/","/clay-alternative-google-sheets/","Clay","merge_content_then_301","yes"
"/clay-alternative-for-promotional-products-google-sheets-ai/","/clay-alternative-google-sheets/","Clay","merge_content_then_301","yes"
"/clay-alternative-for-property-and-casualty-insurance-google-sheets-ai/","/clay-alternative-google-sheets/","Clay","merge_content_then_301","yes"
"/clay-alternative-for-roofing-contractors-google-sheets-ai/","/clay-alternative-google-sheets/","Clay","merge_content_then_301","yes"
"/clay-alternative-for-security-installers-google-sheets-ai/","/clay-alternative-google-sheets/","Clay","merge_content_then_301","yes"
"/clay-alternative-for-self-storage-google-sheets-ai/","/clay-alternative-google-sheets/","Clay","merge_content_then_301","yes"
"/clay-alternative-for-senior-living-google-sheets-ai/","/clay-alternative-google-sheets/","Clay","merge_content_then_301","yes"
"/clay-alternative-for-seo-link-building-teams-google-sheets-ai/","/clay-alternative-google-sheets/","Clay","merge_content_then_301","yes"
"/clay-alternative-for-shopify-agencies-google-sheets-ai/","/clay-alternative-google-sheets/","Clay","merge_content_then_301","yes"
"/clay-alternative-for-signage-companies-google-sheets-ai/","/clay-alternative-google-sheets/","Clay","merge_content_then_301","yes"
"/clay-alternative-for-solar-installers-google-sheets-ai/","/clay-alternative-google-sheets/","Clay","merge_content_then_301","yes"
"/clay-alternative-for-waste-management-google-sheets-ai/","/clay-alternative-google-sheets/","Clay","merge_content_then_301","yes"
"/clay-alternative-for-wealth-advisors-google-sheets-ai/","/clay-alternative-google-sheets/","Clay","merge_content_then_301","yes"
"/clay-alternative-founder-led-sales-google-sheets-ai/","/clay-alternative-google-sheets/","Clay","merge_content_then_301","yes"
"/clay-alternative-google-sheets-lead-enrichment/","/clay-alternative-google-sheets/","Clay","quality_review_then_301","yes"
"/clay-alternative-law-firm-lead-research-google-sheets-ai/","/google-sheets-ai-account-research-buyers-guide/","Clay","merge_content_then_301","yes"
"/clay-alternative-local-business-prospecting-google-sheets-ai/","/clay-alternative-google-sheets/","Clay","merge_content_then_301","yes"
"/clay-alternative-property-management-google-sheets-ai/","/clay-alternative-google-sheets/","Clay","merge_content_then_301","yes"
"/clay-alternative-recruiters-google-sheets-ai/","/clay-alternative-google-sheets/","Clay","merge_content_then_301","yes"
"/clay-alternative-seo-agencies-google-sheets/","/clay-alternative-google-sheets/","Clay","merge_content_then_301","yes"
"/clay-alternative-staffing-agencies-google-sheets-ai/","/clay-alternative-google-sheets/","Clay","merge_content_then_301","yes"
"/clay-credit-saving-lead-enrichment-google-sheets-ai/","/clay-cost-calculator/","Clay","merge_content_then_301","yes"
"/clay-for-realtors-alternative-google-sheets-ai/","/clay-alternative-google-sheets/","Clay","merge_content_then_301","yes"
"/clay-in-google-sheets-alternative/","/clay-alternative-google-sheets/","Clay","301_direct_duplicate","yes"
"/clay-in-sheets-account-research/","/google-sheets-ai-account-research-buyers-guide/","Clay","quality_review_then_301","yes"
"/clay-in-sheets-founder-outbound-system/","/clay-alternative-google-sheets/","Clay","merge_content_then_301","yes"
"/clay-in-sheets-lead-enrichment/","/no-code-lead-enrichment-google-sheets-vs-clay/","Clay","301_direct_duplicate","yes"
"/clay-migration-to-google-sheets-workflow/","/clay-alternative-google-sheets/","Clay","merge_content_then_301","yes"
"/clay-pricing-alternative-google-sheets-ai/","/clay-cost-calculator/","Clay","merge_content_then_301","yes"
"/clay-to-google-sheets-for-b2b-sales-teams/","/clay-alternative-google-sheets/","Clay","merge_content_then_301","yes"
"/clay-to-google-sheets-for-ecommerce-brands/","/clay-alternative-google-sheets/","Clay","merge_content_then_301","yes"
"/clay-to-google-sheets-for-real-estate-agents/","/clay-alternative-google-sheets/","Clay","merge_content_then_301","yes"
"/clay-to-google-sheets-migration-workflow/","/clay-alternative-google-sheets/","Clay","merge_content_then_301","yes"
"/clay-vs-google-sheets-lead-enrichment-workflow/","/no-code-lead-enrichment-google-sheets-vs-clay/","Clay","merge_content_then_301","yes"
"/clay-vs-gpt-for-sheets/","/clay-alternative-google-sheets/","Clay","merge_content_then_301","yes"
"/clay-workflow-audit-google-sheets-ai/","/clay-alternative-google-sheets/","Clay","merge_content_then_301","yes"
"/crm-account-research-without-clay-google-sheets-ai/","/google-sheets-ai-account-research-buyers-guide/","Clay","merge_content_then_301","yes"
"/crm-cleanup-clay-alternative-google-sheets-ai/","/clay-alternative-google-sheets/","Clay","merge_content_then_301","yes"
"/dealership-equity-mining-clay-alternative-google-sheets-ai/","/clay-alternative-google-sheets/","Clay","merge_content_then_301","yes"
"/founder-led-sales-clay-in-sheets-playbook/","/clay-alternative-google-sheets/","Clay","merge_content_then_301","yes"
"/google-sheets-clay-alternative-pricing-comparison/","/clay-cost-calculator/","Clay","merge_content_then_301","yes"
"/google-sheets-clay-workflow-for-founders/","/clay-alternative-google-sheets/","Clay","merge_content_then_301","yes"
"/google-sheets-waterfall-enrichment-without-clay/","/no-code-lead-enrichment-google-sheets-vs-clay/","Clay","merge_content_then_301","yes"
"/hubspot-contact-enrichment-clay-alternative-google-sheets-ai/","/no-code-lead-enrichment-google-sheets-vs-clay/","Clay","merge_content_then_301","yes"
"/linkedin-profile-research-google-sheets-clay-alternative/","/google-sheets-ai-account-research-buyers-guide/","Clay","merge_content_then_301","yes"
"/linkedin-sales-navigator-without-clay-google-sheets-ai/","/clay-alternative-google-sheets/","Clay","merge_content_then_301","yes"
"/local-business-clay-alternative-google-sheets-ai/","/clay-alternative-google-sheets/","Clay","merge_content_then_301","yes"
"/recruiter-hiring-manager-enrichment-clay-alternative-google-sheets-ai/","/no-code-lead-enrichment-google-sheets-vs-clay/","Clay","merge_content_then_301","yes"
"/salesforce-account-scoring-clay-alternative-google-sheets-ai/","/clay-alternative-google-sheets/","Clay","merge_content_then_301","yes"
"/salesforce-lead-enrichment-clay-alternative-google-sheets-ai/","/no-code-lead-enrichment-google-sheets-vs-clay/","Clay","merge_content_then_301","yes"
"/salesforce-stale-opportunity-research-without-clay-google-sheets-ai/","/google-sheets-ai-account-research-buyers-guide/","Clay","merge_content_then_301","yes"
"/shopify-brand-enrichment-clay-alternative-google-sheets-ai/","/no-code-lead-enrichment-google-sheets-vs-clay/","Clay","merge_content_then_301","yes"
"/trade-show-badge-enrichment-clay-alternative-google-sheets-ai/","/no-code-lead-enrichment-google-sheets-vs-clay/","Clay","merge_content_then_301","yes"
"/website-visitor-enrichment-clay-alternative-google-sheets-ai/","/no-code-lead-enrichment-google-sheets-vs-clay/","Clay","merge_content_then_301","yes"
"/abandoned-cart-email-mail-merge-gmail-google-sheets/","/mail-merge-for-gmail-and-sheets/","Mail Merge","merge_content_then_301","yes"
"/account-based-marketing-mail-merge-gmail-google-sheets/","/mail-merge-for-gmail-and-sheets/","Mail Merge","merge_content_then_301","yes"
"/activecampaign-alternative-gmail-google-sheets-mail-merge/","/best-mail-merge-for-gmail-google-sheets/","Mail Merge","merge_content_then_301","yes"
"/appointment-reminder-mail-merge-gmail-google-sheets/","/mail-merge-for-gmail-and-sheets/","Mail Merge","merge_content_then_301","yes"
"/apps-script-mail-merge-vs-add-on-gmail-google-sheets/","/best-mail-merge-for-gmail-google-sheets/","Mail Merge","merge_content_then_301","yes"
"/attio-crm-email-campaign-alternative-gmail-google-sheets-mail-merge/","/best-mail-merge-for-gmail-google-sheets/","Mail Merge","merge_content_then_301","yes"
"/aweber-alternative-gmail-google-sheets-mail-merge/","/best-mail-merge-for-gmail-google-sheets/","Mail Merge","merge_content_then_301","yes"
"/bettermerge-alternative-gmail-google-sheets-mail-merge/","/best-mail-merge-for-gmail-google-sheets/","Mail Merge","merge_content_then_301","yes"
"/boomerang-alternative-gmail-google-sheets-mail-merge/","/best-mail-merge-for-gmail-google-sheets/","Mail Merge","merge_content_then_301","yes"
"/brevo-alternative-gmail-google-sheets-mail-merge/","/best-mail-merge-for-gmail-google-sheets/","Mail Merge","merge_content_then_301","yes"
"/candidate-interview-scheduling-mail-merge-gmail-google-sheets/","/mail-merge-for-gmail-and-sheets/","Mail Merge","merge_content_then_301","yes"
"/client-update-email-mail-merge-agencies/","/mail-merge-for-gmail-and-sheets/","Mail Merge","merge_content_then_301","yes"
"/constant-contact-alternative-gmail-google-sheets-mail-merge/","/best-mail-merge-for-gmail-google-sheets/","Mail Merge","merge_content_then_301","yes"
"/csv-mail-merge-gmail-google-sheets/","/mail-merge-for-gmail-and-sheets/","Mail Merge","merge_content_then_301","yes"
"/customer-feedback-survey-mail-merge-gmail-google-sheets/","/mail-merge-from-google-form-responses-gmail-google-sheets/","Mail Merge","merge_content_then_301","yes"
"/customer-onboarding-email-mail-merge-google-sheets/","/mail-merge-for-gmail-and-sheets/","Mail Merge","merge_content_then_301","yes"
"/dental-patient-recall-mail-merge-gmail-google-sheets/","/mail-merge-for-gmail-and-sheets/","Mail Merge","merge_content_then_301","yes"
"/event-invite-mail-merge-google-sheets/","/mail-merge-for-gmail-and-sheets/","Mail Merge","merge_content_then_301","yes"
"/folk-crm-email-campaign-alternative-gmail-google-sheets-mail-merge/","/best-mail-merge-for-gmail-google-sheets/","Mail Merge","merge_content_then_301","yes"
"/free-mail-merge-gmail-google-sheets/","/mail-merge-for-gmail-and-sheets/","Mail Merge","merge_content_then_301","yes"
"/gmail-add-on-mail-merge-vs-google-sheets-add-on/","/best-mail-merge-for-gmail-google-sheets/","Mail Merge","merge_content_then_301","yes"
"/gmail-mail-merge-from-google-sheets/","/how-to-mail-merge-in-gmail-with-google-sheets/","Mail Merge","301_direct_duplicate","yes"
"/gmail-mail-merge-google-docs-template-gmail-sheets/","/mail-merge-for-gmail-and-sheets/","Mail Merge","merge_content_then_301","yes"
"/gmail-mail-merge-without-coding-google-sheets/","/mail-merge-for-gmail-and-sheets/","Mail Merge","merge_content_then_301","yes"
"/gmelius-alternative-gmail-google-sheets-mail-merge/","/best-mail-merge-for-gmail-google-sheets/","Mail Merge","merge_content_then_301","yes"
"/google-workspace-marketplace-mail-merge-alternative-gmail-sheets/","/best-mail-merge-for-gmail-google-sheets/","Mail Merge","merge_content_then_301","yes"
"/hubspot-sequences-alternative-gmail-google-sheets-mail-merge/","/best-mail-merge-for-gmail-google-sheets/","Mail Merge","merge_content_then_301","yes"
"/hunter-campaigns-alternative-gmail-google-sheets-mail-merge/","/best-mail-merge-for-gmail-google-sheets/","Mail Merge","merge_content_then_301","yes"
"/insightly-email-campaign-alternative-gmail-google-sheets-mail-merge/","/best-mail-merge-for-gmail-google-sheets/","Mail Merge","merge_content_then_301","yes"
"/instantly-alternative-gmail-google-sheets-mail-merge/","/best-mail-merge-for-gmail-google-sheets/","Mail Merge","merge_content_then_301","yes"
"/klaviyo-alternative-gmail-google-sheets-mail-merge/","/best-mail-merge-for-gmail-google-sheets/","Mail Merge","merge_content_then_301","yes"
"/klenty-alternative-gmail-google-sheets-mail-merge/","/best-mail-merge-for-gmail-google-sheets/","Mail Merge","merge_content_then_301","yes"
"/lemlist-alternative-gmail-google-sheets-mail-merge/","/best-mail-merge-for-gmail-google-sheets/","Mail Merge","merge_content_then_301","yes"
"/mail-merge-conditional-content-google-sheets/","/mail-merge-for-gmail-and-sheets/","Mail Merge","merge_content_then_301","yes"
"/mail-merge-event-reminders-gmail-google-sheets/","/mail-merge-for-gmail-and-sheets/","Mail Merge","merge_content_then_301","yes"
"/mail-merge-follow-up-emails-google-sheets/","/mail-merge-for-gmail-and-sheets/","Mail Merge","merge_content_then_301","yes"
"/mail-merge-for-ecommerce-order-updates-gmail-google-sheets/","/mail-merge-for-gmail-and-sheets/","Mail Merge","merge_content_then_301","yes"
"/mail-merge-for-membership-renewals-gmail-google-sheets/","/mail-merge-for-gmail-and-sheets/","Mail Merge","merge_content_then_301","yes"
"/mail-merge-html-email-gmail-google-sheets/","/mail-merge-for-gmail-and-sheets/","Mail Merge","merge_content_then_301","yes"
"/mail-merge-personalization-tags-google-sheets/","/mail-merge-for-gmail-and-sheets/","Mail Merge","merge_content_then_301","yes"
"/mail-merge-survey-invitations-gmail-google-sheets/","/mail-merge-from-google-form-responses-gmail-google-sheets/","Mail Merge","merge_content_then_301","yes"
"/mail-merge-templates-gmail-google-sheets/","/mail-merge-for-gmail-and-sheets/","Mail Merge","merge_content_then_301","yes"
"/mail-merge-tool-migration-to-google-sheets-gmail/","/mail-merge-for-gmail-and-sheets/","Mail Merge","merge_content_then_301","yes"
"/mail-merge-tracking-gmail-campaigns/","/mail-merge-for-gmail-and-sheets/","Mail Merge","merge_content_then_301","yes"
"/mail-merge-verify-email-list-before-sending-google-sheets/","/mail-merge-for-gmail-and-sheets/","Mail Merge","merge_content_then_301","yes"
"/mailerlite-alternative-gmail-google-sheets-mail-merge/","/best-mail-merge-for-gmail-google-sheets/","Mail Merge","merge_content_then_301","yes"
"/mailjet-alternative-gmail-google-sheets-mail-merge/","/best-mail-merge-for-gmail-google-sheets/","Mail Merge","merge_content_then_301","yes"
"/mailmodo-alternative-gmail-google-sheets-mail-merge/","/best-mail-merge-for-gmail-google-sheets/","Mail Merge","merge_content_then_301","yes"
"/mailshake-alternative-gmail-google-sheets-mail-merge/","/best-mail-merge-for-gmail-google-sheets/","Mail Merge","merge_content_then_301","yes"
"/mailtrack-alternative-gmail-google-sheets-mail-merge/","/best-mail-merge-for-gmail-google-sheets/","Mail Merge","merge_content_then_301","yes"
"/mergemail-alternative-gmail-google-sheets-mail-merge/","/best-mail-merge-for-gmail-google-sheets/","Mail Merge","merge_content_then_301","yes"
"/mixmax-alternative-gmail-google-sheets-mail-merge/","/best-mail-merge-for-gmail-google-sheets/","Mail Merge","merge_content_then_301","yes"
"/monday-sales-crm-email-campaign-alternative-gmail-google-sheets-mail-merge/","/best-mail-merge-for-gmail-google-sheets/","Mail Merge","merge_content_then_301","yes"
"/moosend-alternative-gmail-google-sheets-mail-merge/","/best-mail-merge-for-gmail-google-sheets/","Mail Merge","merge_content_then_301","yes"
"/nethunt-crm-email-campaign-alternative-gmail-google-sheets-mail-merge/","/best-mail-merge-for-gmail-google-sheets/","Mail Merge","merge_content_then_301","yes"
"/newsletter-from-google-sheets-gmail-mail-merge/","/mail-merge-for-gmail-and-sheets/","Mail Merge","merge_content_then_301","yes"
"/nonprofit-donor-outreach-mail-merge-google-sheets/","/mail-merge-for-gmail-and-sheets/","Mail Merge","merge_content_then_301","yes"
"/outreach-alternative-gmail-google-sheets-mail-merge/","/best-mail-merge-for-gmail-google-sheets/","Mail Merge","merge_content_then_301","yes"
"/pipedrive-campaigns-alternative-gmail-google-sheets-mail-merge/","/best-mail-merge-for-gmail-google-sheets/","Mail Merge","merge_content_then_301","yes"
"/pr-pitch-mail-merge-google-sheets-gmail/","/mail-merge-for-gmail-and-sheets/","Mail Merge","merge_content_then_301","yes"
"/promote-ebook-gmail-mail-merge-google-sheets/","/mail-merge-for-gmail-and-sheets/","Mail Merge","merge_content_then_301","yes"
"/property-management-tenant-notice-mail-merge-gmail-google-sheets/","/mail-merge-for-gmail-and-sheets/","Mail Merge","merge_content_then_301","yes"
"/quickmail-alternative-gmail-google-sheets-mail-merge/","/best-mail-merge-for-gmail-google-sheets/","Mail Merge","merge_content_then_301","yes"
"/real-estate-lead-follow-up-mail-merge-google-sheets/","/mail-merge-for-gmail-and-sheets/","Mail Merge","merge_content_then_301","yes"
"/recruiting-outreach-mail-merge-google-sheets/","/mail-merge-for-gmail-and-sheets/","Mail Merge","merge_content_then_301","yes"
"/reply-io-alternative-gmail-google-sheets-mail-merge/","/best-mail-merge-for-gmail-google-sheets/","Mail Merge","merge_content_then_301","yes"
"/review-request-email-mail-merge-gmail-google-sheets/","/mail-merge-for-gmail-and-sheets/","Mail Merge","merge_content_then_301","yes"
"/right-inbox-alternative-gmail-google-sheets-mail-merge/","/best-mail-merge-for-gmail-google-sheets/","Mail Merge","merge_content_then_301","yes"
"/sales-outreach-mail-merge-gmail-google-sheets/","/mail-merge-for-gmail-and-sheets/","Mail Merge","merge_content_then_301","yes"
"/salesflare-email-campaign-alternative-gmail-google-sheets-mail-merge/","/best-mail-merge-for-gmail-google-sheets/","Mail Merge","merge_content_then_301","yes"
"/saleshandy-alternative-gmail-google-sheets-mail-merge/","/best-mail-merge-for-gmail-google-sheets/","Mail Merge","merge_content_then_301","yes"
"/schedule-mail-merge-send-later-gmail-google-sheets/","/mail-merge-for-gmail-and-sheets/","Mail Merge","merge_content_then_301","yes"
"/school-parent-update-mail-merge-gmail-sheets/","/mail-merge-for-gmail-and-sheets/","Mail Merge","merge_content_then_301","yes"
"/sendgrid-alternative-gmail-google-sheets-mail-merge/","/best-mail-merge-for-gmail-google-sheets/","Mail Merge","merge_content_then_301","yes"
"/small-business-email-campaign-mail-merge-gmail/","/mail-merge-for-gmail-and-sheets/","Mail Merge","merge_content_then_301","yes"
"/smartlead-alternative-gmail-google-sheets-mail-merge/","/best-mail-merge-for-gmail-google-sheets/","Mail Merge","merge_content_then_301","yes"
"/snovio-alternative-gmail-google-sheets-mail-merge/","/best-mail-merge-for-gmail-google-sheets/","Mail Merge","merge_content_then_301","yes"
"/woodpecker-alternative-gmail-google-sheets-mail-merge/","/best-mail-merge-for-gmail-google-sheets/","Mail Merge","merge_content_then_301","yes"
"/yesware-alternative-gmail-google-sheets-mail-merge/","/best-mail-merge-for-gmail-google-sheets/","Mail Merge","merge_content_then_301","yes"
"/agency-lead-research-google-sheets-ai/","/google-sheets-ai-account-research-buyers-guide/","Quality remediation","quality_review_then_301","yes"
"/ai-lead-enrichment-car-dealerships-google-sheets/","/ai-lead-enrichment-google-sheets-guide/","Quality remediation","quality_review_then_301","yes"
"/ai-lead-enrichment-real-estate-agents-google-sheets/","/ai-lead-enrichment-google-sheets-guide/","Quality remediation","quality_review_then_301","yes"
"/apollo-export-enrichment-google-sheets-ai/","/ai-lead-enrichment-google-sheets-guide/","Quality remediation","quality_review_then_301","yes"
"/b2b-sales-account-research-google-sheets-ai/","/google-sheets-ai-account-research-buyers-guide/","Quality remediation","quality_review_then_301","yes"
"/bulk-meta-descriptions-ai-google-sheets/","/bulk-meta-descriptions-google-sheets-ai/","Quality remediation","quality_review_then_301","yes"
"/cold-email-personalization-from-google-sheets-ai/","/gpt-for-sheets-for-b2b-sales/","Quality remediation","quality_review_then_301","yes"
"/competitive-intelligence-tracker-google-sheets-ai/","/google-sheets-ai-account-research-buyers-guide/","Quality remediation","quality_review_then_301","yes"
"/crm-cleanup-deduping-google-sheets-ai/","/gpt-for-sheets-for-b2b-sales/","Quality remediation","quality_review_then_301","yes"
"/ecommerce-product-data-enrichment-google-sheets-ai/","/gpt-for-sheets-for-ecommerce/","Quality remediation","quality_review_then_301","yes"
"/google-maps-business-enrichment-google-sheets-ai/","/ai-lead-enrichment-google-sheets-guide/","Quality remediation","quality_review_then_301","yes"
"/icp-scoring-formulas-google-sheets-ai/","/icp-fit-scoring-google-sheets-ai/","Quality remediation","quality_review_then_301","yes"
"/local-business-prospecting-google-sheets-ai/","/ai-lead-enrichment-google-sheets-guide/","Quality remediation","quality_review_then_301","yes"
"/programmatic-seo-content-briefs-google-sheets-ai/","/gpt-for-sheets-for-seo-teams/","Quality remediation","quality_review_then_301","yes"
"/recruiter-candidate-research-google-sheets-ai/","/google-sheets-ai-account-research-buyers-guide/","Quality remediation","quality_review_then_301","yes"
"/seo-keyword-clustering-google-sheets-ai/","/gpt-for-sheets-for-seo-teams/","Quality remediation","quality_review_then_301","yes"
"/accounting-firm-prospect-research-google-sheets-ai/","/google-sheets-ai-account-research-buyers-guide/","Sheets use cases","merge_content_then_301","yes"
"/agency-client-prospecting-google-sheets-ai/","/ai-lead-enrichment-google-sheets-guide/","Sheets use cases","merge_content_then_301","yes"
"/agency-csv-lead-enrichment-workflow-google-sheets-ai/","/ai-lead-enrichment-google-sheets-guide/","Sheets use cases","merge_content_then_301","yes"
"/ai-lead-enrichment-google-sheets/","/ai-lead-enrichment-google-sheets-guide/","Sheets use cases","merge_content_then_301","yes"
"/ai-research-agent-google-sheets-lead-enrichment/","/google-sheets-ai-account-research-buyers-guide/","Sheets use cases","merge_content_then_301","yes"
"/ai-search-prospecting-google-sheets-ai/","/ai-lead-enrichment-google-sheets-guide/","Sheets use cases","merge_content_then_301","yes"
"/apollo-csv-enrichment-google-sheets-ai/","/ai-lead-enrichment-google-sheets-guide/","Sheets use cases","merge_content_then_301","yes"
"/auto-dealer-fleet-sales-prospecting-google-sheets-ai/","/ai-lead-enrichment-google-sheets-guide/","Sheets use cases","merge_content_then_301","yes"
"/auto-repair-shop-lead-prospecting-google-sheets-ai/","/ai-lead-enrichment-google-sheets-guide/","Sheets use cases","merge_content_then_301","yes"
"/b2b-manufacturing-account-research-google-sheets-ai/","/google-sheets-ai-account-research-buyers-guide/","Sheets use cases","merge_content_then_301","yes"
"/b2b-sales-account-research-template-google-sheets-ai/","/google-sheets-ai-account-research-buyers-guide/","Sheets use cases","merge_content_then_301","yes"
"/b2b-sales-job-posting-trigger-account-research-google-sheets-ai/","/google-sheets-ai-account-research-buyers-guide/","Sheets use cases","merge_content_then_301","yes"
"/b2b-sales-renewal-risk-account-research-google-sheets-ai/","/google-sheets-ai-account-research-buyers-guide/","Sheets use cases","merge_content_then_301","yes"
"/backlink-prospect-qualification-google-sheets-ai/","/ai-lead-enrichment-google-sheets-guide/","Sheets use cases","merge_content_then_301","yes"
"/bookkeeping-firm-client-prospecting-google-sheets-ai/","/ai-lead-enrichment-google-sheets-guide/","Sheets use cases","merge_content_then_301","yes"
"/build-lead-enrichment-agent-google-sheets/","/ai-lead-enrichment-google-sheets-guide/","Sheets use cases","merge_content_then_301","yes"
"/builtwith-technographic-enrichment-google-sheets-ai/","/ai-lead-enrichment-google-sheets-guide/","Sheets use cases","merge_content_then_301","yes"
"/car-dealer-bdc-lead-enrichment-google-sheets-ai/","/ai-lead-enrichment-google-sheets-guide/","Sheets use cases","merge_content_then_301","yes"
"/channel-partner-prospecting-google-sheets-ai/","/ai-lead-enrichment-google-sheets-guide/","Sheets use cases","merge_content_then_301","yes"
"/chatgpt-for-google-sheets-lead-enrichment/","/ai-lead-enrichment-google-sheets-guide/","Sheets use cases","merge_content_then_301","yes"
"/chiropractic-clinic-lead-enrichment-google-sheets-ai/","/ai-lead-enrichment-google-sheets-guide/","Sheets use cases","merge_content_then_301","yes"
"/claude-for-google-sheets-lead-enrichment/","/ai-lead-enrichment-google-sheets-guide/","Sheets use cases","merge_content_then_301","yes"
"/claude-formulas-google-sheets-account-research/","/google-sheets-ai-account-research-buyers-guide/","Sheets use cases","merge_content_then_301","yes"
"/commercial-cleaning-prospecting-google-sheets-ai/","/ai-lead-enrichment-google-sheets-guide/","Sheets use cases","merge_content_then_301","yes"
"/conference-attendee-enrichment-google-sheets-ai/","/ai-lead-enrichment-google-sheets-guide/","Sheets use cases","merge_content_then_301","yes"
"/conference-attendee-lead-enrichment-google-sheets-ai/","/ai-lead-enrichment-google-sheets-guide/","Sheets use cases","merge_content_then_301","yes"
"/conference-badge-lead-enrichment-google-sheets-ai/","/ai-lead-enrichment-google-sheets-guide/","Sheets use cases","merge_content_then_301","yes"
"/construction-equipment-dealer-lead-enrichment-google-sheets-ai/","/ai-lead-enrichment-google-sheets-guide/","Sheets use cases","merge_content_then_301","yes"
"/crm-contact-cleanup-enrichment-google-sheets-ai/","/ai-lead-enrichment-google-sheets-guide/","Sheets use cases","merge_content_then_301","yes"
"/crunchbase-export-enrichment-google-sheets-ai/","/ai-lead-enrichment-google-sheets-guide/","Sheets use cases","merge_content_then_301","yes"
"/csv-lead-enrichment-google-sheets-ai/","/ai-lead-enrichment-google-sheets-guide/","Sheets use cases","merge_content_then_301","yes"
"/cybersecurity-account-research-google-sheets-ai/","/google-sheets-ai-account-research-buyers-guide/","Sheets use cases","merge_content_then_301","yes"
"/dental-practice-lead-enrichment-google-sheets-ai/","/ai-lead-enrichment-google-sheets-guide/","Sheets use cases","merge_content_then_301","yes"
"/domain-enrichment-google-sheets-ai/","/ai-lead-enrichment-google-sheets-guide/","Sheets use cases","merge_content_then_301","yes"
"/ecommerce-brand-prospecting-google-sheets-ai/","/ai-lead-enrichment-google-sheets-guide/","Sheets use cases","merge_content_then_301","yes"
"/ecommerce-marketplace-brand-enrichment-google-sheets-ai/","/ai-lead-enrichment-google-sheets-guide/","Sheets use cases","merge_content_then_301","yes"
"/electrician-lead-prospecting-google-sheets-ai/","/ai-lead-enrichment-google-sheets-guide/","Sheets use cases","merge_content_then_301","yes"
"/enrich-so-alternative-google-sheets-ai/","/ai-lead-enrichment-google-sheets-guide/","Sheets use cases","merge_content_then_301","yes"
"/event-planner-vendor-prospecting-google-sheets-ai/","/ai-lead-enrichment-google-sheets-guide/","Sheets use cases","merge_content_then_301","yes"
"/event-sponsor-account-research-google-sheets-ai/","/google-sheets-ai-account-research-buyers-guide/","Sheets use cases","merge_content_then_301","yes"
"/franchise-sales-prospecting-google-sheets-ai/","/ai-lead-enrichment-google-sheets-guide/","Sheets use cases","merge_content_then_301","yes"
"/fullenrich-alternative-google-sheets-ai/","/ai-lead-enrichment-google-sheets-guide/","Sheets use cases","merge_content_then_301","yes"
"/gemini-for-google-sheets-lead-enrichment/","/ai-lead-enrichment-google-sheets-guide/","Sheets use cases","merge_content_then_301","yes"
"/getprospect-alternative-google-sheets-ai/","/ai-lead-enrichment-google-sheets-guide/","Sheets use cases","merge_content_then_301","yes"
"/google-maps-lead-enrichment-google-sheets-ai/","/ai-lead-enrichment-google-sheets-guide/","Sheets use cases","merge_content_then_301","yes"
"/google-maps-local-business-enrichment-google-sheets-ai/","/ai-lead-enrichment-google-sheets-guide/","Sheets use cases","merge_content_then_301","yes"
"/google-maps-prospect-triage-google-sheets-ai/","/ai-lead-enrichment-google-sheets-guide/","Sheets use cases","merge_content_then_301","yes"
"/google-sheets-ai-lead-enrichment-for-realtors/","/ai-lead-enrichment-real-estate-agents-google-sheets/","Sheets use cases","301_direct_duplicate","yes"
"/google-sheets-lead-enrichment-roi-calculator/","/ai-lead-enrichment-google-sheets-guide/","Sheets use cases","merge_content_then_301","yes"
"/google-sheets-lead-enrichment-template-for-car-dealers/","/ai-lead-enrichment-google-sheets-guide/","Sheets use cases","merge_content_then_301","yes"
"/google-sheets-lead-enrichment-template-for-realtors/","/ai-lead-enrichment-real-estate-agents-google-sheets/","Sheets use cases","301_direct_duplicate","yes"
"/gpt-for-sheets-account-research/","/google-sheets-ai-account-research-buyers-guide/","Sheets use cases","merge_content_then_301","yes"
"/grok-for-google-sheets-lead-enrichment/","/ai-lead-enrichment-google-sheets-guide/","Sheets use cases","merge_content_then_301","yes"
"/gym-fitness-studio-lead-enrichment-google-sheets-ai/","/ai-lead-enrichment-google-sheets-guide/","Sheets use cases","merge_content_then_301","yes"
"/home-services-lead-enrichment-google-sheets-ai/","/ai-lead-enrichment-google-sheets-guide/","Sheets use cases","merge_content_then_301","yes"
"/hotel-sales-prospecting-google-sheets-ai/","/ai-lead-enrichment-google-sheets-guide/","Sheets use cases","merge_content_then_301","yes"
"/hubspot-company-domain-enrichment-google-sheets-ai/","/ai-lead-enrichment-google-sheets-guide/","Sheets use cases","merge_content_then_301","yes"
"/hubspot-contact-enrichment-google-sheets-ai/","/ai-lead-enrichment-google-sheets-guide/","Sheets use cases","merge_content_then_301","yes"
"/hubspot-export-account-research-google-sheets-ai/","/google-sheets-ai-account-research-buyers-guide/","Sheets use cases","merge_content_then_301","yes"
"/hubspot-export-enrichment-google-sheets-ai/","/ai-lead-enrichment-google-sheets-guide/","Sheets use cases","merge_content_then_301","yes"
"/hvac-lead-prospecting-google-sheets-ai/","/ai-lead-enrichment-google-sheets-guide/","Sheets use cases","merge_content_then_301","yes"
"/instantly-export-enrichment-google-sheets-ai/","/ai-lead-enrichment-google-sheets-guide/","Sheets use cases","merge_content_then_301","yes"
"/insurance-agency-prospect-list-enrichment-google-sheets-ai/","/ai-lead-enrichment-google-sheets-guide/","Sheets use cases","merge_content_then_301","yes"
"/law-firm-lead-enrichment-google-sheets-ai/","/ai-lead-enrichment-google-sheets-guide/","Sheets use cases","merge_content_then_301","yes"
"/linkedin-company-list-enrichment-google-sheets-ai/","/ai-lead-enrichment-google-sheets-guide/","Sheets use cases","merge_content_then_301","yes"
"/linkedin-event-attendee-enrichment-google-sheets-ai/","/ai-lead-enrichment-google-sheets-guide/","Sheets use cases","merge_content_then_301","yes"
"/linkedin-export-enrichment-google-sheets-ai/","/ai-lead-enrichment-google-sheets-guide/","Sheets use cases","merge_content_then_301","yes"
"/linkedin-lead-list-enrichment-google-sheets-ai/","/ai-lead-enrichment-google-sheets-guide/","Sheets use cases","merge_content_then_301","yes"
"/linkedin-sales-navigator-list-enrichment-google-sheets-ai/","/ai-lead-enrichment-google-sheets-guide/","Sheets use cases","merge_content_then_301","yes"
"/local-business-directory-cleanup-enrichment-google-sheets-ai/","/ai-lead-enrichment-google-sheets-guide/","Sheets use cases","merge_content_then_301","yes"
"/local-business-enrichment-template-google-sheets-ai/","/ai-lead-enrichment-google-sheets-guide/","Sheets use cases","merge_content_then_301","yes"
"/local-lead-gen-agency-prospecting-google-sheets-ai/","/ai-lead-enrichment-google-sheets-guide/","Sheets use cases","merge_content_then_301","yes"
"/local-seo-review-gap-prospecting-google-sheets-ai/","/ai-lead-enrichment-google-sheets-guide/","Sheets use cases","merge_content_then_301","yes"
"/logistics-broker-prospect-research-google-sheets-ai/","/google-sheets-ai-account-research-buyers-guide/","Sheets use cases","merge_content_then_301","yes"
"/logistics-shipper-list-enrichment-google-sheets-ai/","/ai-lead-enrichment-google-sheets-guide/","Sheets use cases","merge_content_then_301","yes"
"/marketplace-seller-lead-enrichment-google-sheets-ai/","/ai-lead-enrichment-google-sheets-guide/","Sheets use cases","merge_content_then_301","yes"
"/medspa-lead-enrichment-google-sheets-ai/","/ai-lead-enrichment-google-sheets-guide/","Sheets use cases","merge_content_then_301","yes"
"/mortgage-broker-referral-list-enrichment-google-sheets-ai/","/ai-lead-enrichment-google-sheets-guide/","Sheets use cases","merge_content_then_301","yes"
"/msp-lead-enrichment-google-sheets-ai/","/ai-lead-enrichment-google-sheets-guide/","Sheets use cases","merge_content_then_301","yes"
"/msp-prospect-enrichment-google-sheets-ai/","/ai-lead-enrichment-google-sheets-guide/","Sheets use cases","merge_content_then_301","yes"
"/nonprofit-grant-prospect-research-google-sheets-ai/","/google-sheets-ai-account-research-buyers-guide/","Sheets use cases","merge_content_then_301","yes"
"/orthodontist-lead-enrichment-google-sheets-ai/","/ai-lead-enrichment-google-sheets-guide/","Sheets use cases","merge_content_then_301","yes"
"/perplexity-for-google-sheets-lead-enrichment/","/ai-lead-enrichment-google-sheets-guide/","Sheets use cases","merge_content_then_301","yes"
"/plumbing-company-lead-prospecting-google-sheets-ai/","/ai-lead-enrichment-google-sheets-guide/","Sheets use cases","merge_content_then_301","yes"
"/podcast-guest-prospect-research-google-sheets-ai/","/google-sheets-ai-account-research-buyers-guide/","Sheets use cases","merge_content_then_301","yes"
"/podcast-guest-prospecting-google-sheets-ai/","/ai-lead-enrichment-google-sheets-guide/","Sheets use cases","merge_content_then_301","yes"
"/podcast-sponsor-prospect-enrichment-google-sheets-ai/","/ai-lead-enrichment-google-sheets-guide/","Sheets use cases","merge_content_then_301","yes"
"/real-estate-agent-lead-enrichment-google-sheets-ai/","/ai-lead-enrichment-real-estate-agents-google-sheets/","Sheets use cases","301_direct_duplicate","yes"
"/recruiter-candidate-source-list-enrichment-google-sheets-ai/","/ai-lead-enrichment-google-sheets-guide/","Sheets use cases","merge_content_then_301","yes"
"/recruiter-client-prospecting-google-sheets-ai/","/ai-lead-enrichment-google-sheets-guide/","Sheets use cases","merge_content_then_301","yes"
"/recruiter-layoff-list-candidate-enrichment-google-sheets-ai/","/ai-lead-enrichment-google-sheets-guide/","Sheets use cases","merge_content_then_301","yes"
"/recruiting-agency-candidate-enrichment-google-sheets-ai/","/ai-lead-enrichment-google-sheets-guide/","Sheets use cases","merge_content_then_301","yes"
"/restaurant-lead-enrichment-google-sheets-ai/","/ai-lead-enrichment-google-sheets-guide/","Sheets use cases","merge_content_then_301","yes"
"/reverse-email-lookup-company-enrichment-google-sheets-ai/","/ai-lead-enrichment-google-sheets-guide/","Sheets use cases","merge_content_then_301","yes"
"/saas-account-research-google-sheets-ai/","/google-sheets-ai-account-research-buyers-guide/","Sheets use cases","merge_content_then_301","yes"
"/saas-review-site-prospect-research-google-sheets-ai/","/google-sheets-ai-account-research-buyers-guide/","Sheets use cases","merge_content_then_301","yes"
"/saas-trial-lead-enrichment-google-sheets-ai/","/ai-lead-enrichment-google-sheets-guide/","Sheets use cases","merge_content_then_301","yes"
"/sales-navigator-export-enrichment-google-sheets-ai/","/ai-lead-enrichment-google-sheets-guide/","Sheets use cases","merge_content_then_301","yes"
"/salesforce-lead-enrichment-google-sheets-ai/","/ai-lead-enrichment-google-sheets-guide/","Sheets use cases","merge_content_then_301","yes"
"/salesforce-stale-account-research-google-sheets-ai/","/google-sheets-ai-account-research-buyers-guide/","Sheets use cases","merge_content_then_301","yes"
"/seo-agency-ai-overview-prospecting-google-sheets-ai/","/ai-lead-enrichment-google-sheets-guide/","Sheets use cases","merge_content_then_301","yes"
"/seo-agency-ai-search-visibility-prospecting-google-sheets-ai/","/ai-lead-enrichment-google-sheets-guide/","Sheets use cases","merge_content_then_301","yes"
"/seo-agency-lead-enrichment-google-sheets-ai/","/ai-lead-enrichment-google-sheets-guide/","Sheets use cases","merge_content_then_301","yes"
"/seo-agency-link-prospect-prioritization-google-sheets-ai/","/ai-lead-enrichment-google-sheets-guide/","Sheets use cases","merge_content_then_301","yes"
"/seo-agency-link-prospect-research-google-sheets-ai/","/google-sheets-ai-account-research-buyers-guide/","Sheets use cases","merge_content_then_301","yes"
"/seo-agency-local-pack-prospecting-google-sheets-ai/","/ai-lead-enrichment-google-sheets-guide/","Sheets use cases","merge_content_then_301","yes"
"/seo-agency-prospect-audit-google-sheets-ai/","/ai-lead-enrichment-google-sheets-guide/","Sheets use cases","merge_content_then_301","yes"
"/seo-agency-prospect-audit-template-google-sheets-ai/","/ai-lead-enrichment-google-sheets-guide/","Sheets use cases","merge_content_then_301","yes"
"/seo-agency-prospect-enrichment-google-sheets-ai/","/ai-lead-enrichment-google-sheets-guide/","Sheets use cases","merge_content_then_301","yes"
"/shopify-b2b-wholesale-lead-enrichment-google-sheets-ai/","/ai-lead-enrichment-google-sheets-guide/","Sheets use cases","merge_content_then_301","yes"
"/shopify-plus-prospect-research-google-sheets-ai/","/google-sheets-ai-account-research-buyers-guide/","Sheets use cases","merge_content_then_301","yes"
"/small-business-enrichment-tool-google-sheets-ai/","/ai-lead-enrichment-google-sheets-guide/","Sheets use cases","merge_content_then_301","yes"
"/smartlead-export-enrichment-google-sheets-ai/","/ai-lead-enrichment-google-sheets-guide/","Sheets use cases","merge_content_then_301","yes"
"/software-agency-prospect-research-google-sheets-ai/","/google-sheets-ai-account-research-buyers-guide/","Sheets use cases","merge_content_then_301","yes"
"/solar-installer-lead-enrichment-google-sheets-ai/","/ai-lead-enrichment-google-sheets-guide/","Sheets use cases","merge_content_then_301","yes"
"/trade-show-attendee-list-enrichment-google-sheets-ai/","/ai-lead-enrichment-google-sheets-guide/","Sheets use cases","merge_content_then_301","yes"
"/used-car-dealer-lead-enrichment-google-sheets-ai/","/ai-lead-enrichment-google-sheets-guide/","Sheets use cases","merge_content_then_301","yes"
"/web-design-agency-local-prospecting-google-sheets-ai/","/ai-lead-enrichment-google-sheets-guide/","Sheets use cases","merge_content_then_301","yes"
"/zoominfo-export-enrichment-google-sheets-ai/","/ai-lead-enrichment-google-sheets-guide/","Sheets use cases","merge_content_then_301","yes"
